<?xml version="1.0" encoding="utf-8" ?>
<dwsync>
<file name="saludo.php" server="ftp.practicasphp.esy.es" local="130490573177994403" remote="130490747400000000" Dst="2" />
<file name="arrays.php" server="ftp.practicasphp.esy.es" local="130508280000000000" remote="130508280000000000" Dst="1" />
<file name="formulario.php" server="ftp.practicasphp.esy.es" local="130507262400000000" remote="130507262400000000" Dst="2" />
<file name="operadores.php" server="ftp.practicasphp.esy.es" local="130523478056798269" remote="130523647800000000" Dst="2" />
<file name="estructuras.php" server="ftp.practicasphp.esy.es" local="130523493875623054" remote="130523664000000000" Dst="2" />
<file name="condicionales.php" server="ftp.practicasphp.esy.es" local="130523655000000000" remote="130523655000000000" Dst="2" />
<file name="funciones.php" server="ftp.practicasphp.esy.es" local="130671300600000000" remote="130671300600000000" Dst="1" />
<file name="lFN50s5.png" server="ftp.practicasphp.esy.es" local="130669935600000000" remote="130669935600000000" Dst="1" />
<file name="sesiones.php" server="ftp.practicasphp.esy.es" local="130685805625931629" remote="130686021600000000" Dst="1" />
<file name="sesiones2.php" server="ftp.practicasphp.esy.es" local="130675621658074795" remote="130675827600000000" Dst="1" />
<file name="templatemo_fb.jpg" server="ftp.practicasphp.esy.es" local="130675098600000000" remote="130675098600000000" Dst="1" />
<file name="poo.php" server="ftp.practicasphp.esy.es" local="130686063811426889" remote="130686279600000000" Dst="1" />
<file name="poo_clase.php" server="ftp.practicasphp.esy.es" local="130686134133986394" remote="130686349800000000" Dst="1" />
<file name="poo_instancia.php" server="ftp.practicasphp.esy.es" local="130686134202340303" remote="130686349800000000" Dst="1" />
<file name="Watimage.php" server="ftp.practicasphp.esy.es" local="130687838436058495" remote="130688053800000000" Dst="1" />
<file name="claseWatimage.php" server="ftp.practicasphp.esy.es" local="130687844471043677" remote="130688055000000000" Dst="1" />
<file name="result.png" server="ftp.practicasphp.esy.es" local="130687956600000000" remote="130687956600000000" Dst="1" />
<file name="imagen2_imagen.jpg" server="ftp.practicasphp.esy.es" local="130688055000000000" remote="130688055000000000" Dst="1" />
<file name="imagen1_imagen.jpg" server="ftp.practicasphp.esy.es" local="130687957800000000" remote="130687957800000000" Dst="1" />
</dwsync>